feedback,sentiment
"This is the best purchase I've ever made!",positive
"Totally worth the money, I’m really satisfied!",positive
"Fantastic experience, I’m coming back!",positive
"The product exceeded my expectations!",positive
"I am thrilled with my purchase!",positive
"Incredible! Will definitely recommend!",positive
"My skin feels so much better, I love it!",positive
"I’ve been using it for a week, and it’s amazing!",positive
"Excellent product, totally works as described!",positive
"Absolutely perfect! Highly recommend it!",positive
"I’m really happy with my results!",positive
"Best decision ever! Totally worth it!",positive
"The product works wonders, I’m so happy!",positive
"Very happy with the results! This is amazing!",positive
"Can’t imagine my life without it now!",positive
"Great value for the price, really impressive!",positive
"I’ve been seeing fantastic improvements, love it!",positive
"I’m really enjoying this, it’s working great!",positive
"This was exactly what I needed!",positive
"Amazing quality and fast delivery, I’m pleased!",positive
"So much better than I expected, I’m impressed!",positive
"I’m a big fan of this product!",positive
"This has been a life changer, thank you!",positive
"It does exactly what it promises, love it!",positive
"Really happy with how this turned out!",positive
"Couldn’t be happier with my purchase!",positive
"It’s made a huge difference for me, very satisfied!",positive
"Top-notch quality, super impressed!",positive
"Excellent customer service and product quality!",positive
"I feel great after using it, definitely recommend!",positive
"I’ll definitely buy again, really impressed!",positive
"I’ve been using this for a month and it’s amazing!",positive
"Highly effective, I’m loving the results!",positive
"I’ve noticed a huge improvement already!",positive
"This product has really changed my routine, I love it!",positive
"So glad I found this product, very effective!",positive
"I’ve recommended it to all my friends, it’s that good!",positive
"I’m very satisfied with my purchase, worth every penny!",positive
"Great experience with this, I’m very pleased!",positive
"This product has been a total game-changer!",positive
"Amazing! My expectations were exceeded!",positive
"I feel like a new person after using this!",positive
"It’s been great! I’m really enjoying it!",positive
"Such a great product, I couldn’t ask for more!",positive
"I’m definitely coming back for more!",positive
"It works just as described, very happy!",positive
"Love how it works, highly recommend!",positive
"Super impressed with this, it’s perfect!",positive
"Great quality, would buy again without a doubt!",positive
"This is a must-have product!",positive
"Very happy with how quickly it worked for me!",positive
"This product is definitely worth the hype!",positive
"So pleased with my decision, I’m recommending it!",positive
"This product has been incredible for my skin!",positive
"Such an amazing product, highly effective!",positive
"I couldn’t believe how fast it worked!",positive
"The product is a lifesaver, I am so grateful!",positive
"It’s exactly what I was looking for, love it!",positive
"Absolutely outstanding, I’m beyond impressed!",positive
"This is definitely a game-changer, I’m sold!",positive
"My friends and family are loving it too!",positive
"I am seriously impressed, it’s top-quality!",positive
"No complaints, I’m so happy with this!",positive
"This product made my day, really happy!",positive
"I’m loving it! Will be buying again!",positive
"This product works as promised, I’m super happy!",positive
"I am a fan of this, truly impressive!",positive
"Fantastic quality, very pleased!",positive
"Very satisfied, works better than expected!",positive
"Can’t wait to use it more, it’s amazing!",positive
"This product has really improved my daily routine!",positive
"I’m definitely going to continue using this!",positive
"Super impressed with the results!",positive
"This was an amazing purchase, very happy!",positive
"Worth every penny, no regrets!",positive
"I’m really pleased with this, works great!",positive
"So glad I decided to buy this!",positive
"Highly effective, will be purchasing again!",positive
"I’ve been using it for weeks now, and I love it!",positive
"Couldn’t be happier with the results, truly amazing!",positive
"Superb quality, I recommend it to everyone!",positive
"Absolutely love it, it’s fantastic!",positive
"I’ve tried many products, but this one’s the best!",positive
"I’m really impressed, exceeded my expectations!",positive
"It’s perfect, works just as described!",positive
"I’ve recommended this to everyone I know!",positive
"I’m seeing amazing results, definitely worth it!",positive
"Best product I’ve used in a long time!",positive
"I’m so glad I found this, it’s amazing!",positive
"Such a great product, I will keep using it!",positive
"This has become my go-to product, so happy!",positive
"Really effective, will continue using it!",positive
"Absolutely love this, can’t live without it!",positive
"I’m really enjoying this product, works wonders!",positive
"So much better than I expected, definitely worth it!",positive
"This product has made such a difference, love it!",positive
"Impressed beyond belief, truly fantastic!",positive
"This product works so well, I can’t recommend it enough!",positive
"Fantastic purchase, I’m very happy!",positive
"This product doesn’t work as expected, very disappointed.",negative
"I’m not happy with my purchase, it’s a letdown.",negative
"This was a waste of money, I won’t buy again.",negative
"It didn’t do anything for me, I feel cheated.",negative
"Very bad quality, I regret buying this.",negative
"Doesn’t live up to the hype, really disappointed.",negative
"I’m not satisfied at all, it’s useless.",negative
"Completely ineffective, I won’t recommend it.",negative
"Waste of time and money, very poor quality.",negative
"Not worth the money, I’m really dissatisfied.",negative
"Product broke after a week, not happy at all.",negative
"Doesn’t do what it says, very frustrating.",negative
"Not happy with the performance, waste of money.",negative
"I’m disappointed, doesn’t work as expected.",negative
"Terrible experience, won’t be buying again.",negative
"Extremely poor quality, not what I expected.",negative
"I feel scammed, this is not worth it.",negative
"Really bad purchase, I won’t buy this again.",negative
"The product was defective, I’m not happy with it.",negative
"I had high hopes, but it didn’t work at all.",negative
"Doesn’t do anything, total waste of money.",negative
"Very unhappy with the results, won’t buy again.",negative
"Not satisfied with the quality, very bad.",negative
"Totally useless, waste of time and money.",negative
"Poor quality, I wouldn’t recommend it to anyone.",negative
"This product is terrible, I want a refund.",negative
"Extremely disappointed, doesn’t do what it promises.",negative
"I’m really unhappy with the product, it’s terrible.",negative
"The quality is so bad, I regret buying this.",negative
"This was a waste of my hard-earned money.",negative
"Didn’t meet my expectations, very poor.",negative
"Very disappointed, doesn’t work at all.",negative
"I wouldn’t buy this again, not worth it.",negative
"Horrible product, I’m upset with my purchase.",negative
"Completely ineffective, wouldn’t recommend.",negative
"I regret buying this, it’s not worth it.",negative
"Waste of money, doesn’t do anything.",negative
"Terrible experience, I’m sending this back.",negative
"I’m extremely dissatisfied, poor quality.",negative
"Doesn’t work as expected, very unhappy.",negative
"The product is broken, I’m really frustrated.",negative
"Horrible purchase, it’s not worth it at all.",negative
"I feel ripped off, doesn’t do anything.",negative
"I’m not impressed, this product is terrible.",negative
"This was a huge disappointment, I want a refund.",negative
"I wouldn’t buy it again, not impressed at all.",negative
"Very unhappy with my purchase, doesn’t work.",negative
"Doesn’t live up to expectations, poor quality.",negative
"Not worth the price, I feel cheated.",negative
"Terrible quality, wouldn’t recommend to anyone.",negative
"The product arrived damaged, very upset.",negative
"This is a total failure, doesn’t work.",negative
"Really poor quality, I’m dissatisfied.",negative
"This product didn’t meet my needs at all.",negative
"I wish I hadn’t bought this, very disappointing.",negative
"Doesn’t work like advertised, regret buying it.",negative
"I’m not happy with this at all, it’s awful.",negative
"It didn’t help at all, total waste.",negative
"Bad experience overall, I won’t recommend it.",negative
"I’m really unhappy with this purchase, waste of money.",negative
"Doesn’t work as it should, very frustrating.",negative
"Horrible product, will not buy again.",negative
"This product is not worth the hype, so bad.",negative
"Terrible experience overall.",negative
"Doesn’t work at all.",negative
"Very disappointing product.",negative
"Complete waste of money.",negative
"Regret buying this.",negative
"Awful quality.",negative
"Not worth the price.",negative
"Stopped working in a week.",negative
"Wouldn’t recommend to anyone.",negative
"Extremely poor performance.",negative
"Misleading description.",negative
"Fails to deliver results.",negative
"Cheaply made and useless.",negative
"Expected better, got trash.",negative
"Unusable out of the box.",negative
"Low quality and unreliable.",negative
"Customer support is nonexistent.",negative
"Broke after first use.",negative
"Did not meet expectations.",negative
"Just plain bad.",negative
"Worst product I’ve bought.",negative
"Not what I paid for.",negative
"Feels like a scam.",negative
"Don’t waste your time.",negative
"One of the worst I’ve tried.",negative
"Functionality is terrible.",negative
"Useless and frustrating.",negative
"Very poor craftsmanship.",negative
"Ridiculously overpriced for what it is.",negative
"Instructions were unclear and confusing.",negative
"Does the opposite of what it claims.",negative
"Fails to do even the basics.",negative
"Too many bugs to function.",negative
"Design flaws everywhere.",negative
"Support team ignored my messages.",negative
"Shipping was slow and product was damaged.",negative
"Hard to use and not intuitive.",negative
"Battery life is a joke.",negative
"Overheats quickly.",negative
"Looks good, works terribly.",negative
"Not compatible as advertised.",negative
"Material feels cheap and brittle.",negative
"Save your money.",negative
"Packaging was damaged and product faulty.",negative
"It’s broken and they won’t replace it.",negative
"Never buying from this brand again.",negative
"Feels unfinished and rushed.",negative
"Stopped working randomly.",negative
"Too complicated to set up.",negative
"Crashes every time I use it.",negative
"Doesn’t hold a charge.",negative
"Really good quality",positive
"Such a good product overall",positive
"Good performance and reliability",positive
"Feels good in the hand",positive
"Very good for the price",positive
"Good value for money",positive
"Surprisingly good experience",positive
"Works as good as advertised",positive
"Good features and simple to use",positive
"Delivers good results",positive
"Good looking and functional",positive
"Good customer service",positive
"Good choice for anyone",positive
"Good fit for my needs",positive
"Consistently good output",positive
"Made a good impression",positive
"Really good support team",positive
"Looks good and feels premium",positive
"Good attention to detail",positive
"Good size and shape",positive
"Good app integration",positive
"Build quality is good",positive
"Good packaging and fast delivery",positive
"Works good with no issues",positive
"Good experience from start to finish",positive
"Good material quality",positive
"Found a good deal on this",positive
"Runs good and smooth",positive
"Good handling and response",positive
"Good and intuitive interface",positive
"Good upgrade from previous version",positive
"Provides good value",positive
"Feels good to use",positive
"Good performance even under stress",positive
"Good connectivity options",positive
"Good for beginners and pros",positive
"Sound quality is really good",positive
"Good texture and grip",positive
"Maintains good speed",positive
"Good lighting and visuals",positive
"Good battery life",positive
"Good clarity and sharpness",positive
"Good balance between price and features",positive
"Good craftsmanship overall",positive
"Product smells good too",positive
"Very good attention to packaging",positive
"Feels like a good investment",positive
"Good touchscreen response",positive
"Delivered in good condition",positive
"Good UI design",positive
"No value for money.",negative
"Cheap components, breaks easily.",negative
"Disgustingly poor build.",negative
"Frustrating to use daily.",negative
"Nothing but issues.",negative
"The product never arrived.",negative
"Incorrect item sent.",negative
"Too flimsy to be useful.",negative
"Leaks and doesn’t seal.",negative
"Not waterproof as stated.",negative
"It’s just garbage.",negative
"App is glitchy and unstable.",negative
"Parts were missing.",negative
"Looks used and dirty.",negative
"Returned immediately.",negative
"Feels like it’ll break any second.",negative
"Doesn’t do what it says.",negative
"Very cheaply constructed.",negative
"Only lasted a few days.",negative
"Not user-friendly.",negative
"The worst purchase ever.",negative
"Refuses to turn on.",negative
"Sound quality is horrible.",negative
"Smells like chemicals.",negative
"Color is off.",negative
"Wrong size entirely.",negative
"The fit is terrible.",negative
"Breaks with minimal use.",negative
"Didn’t work from day one.",negative
"Missing features described online.",negative
"Horrible interface.",negative
"UI/UX is unbearable.",negative
"Can’t even contact support.",negative
"Annoyingly slow.",negative
"Too loud for indoor use.",negative
"Cracked upon delivery.",negative
"Battery died instantly.",negative
"Painfully difficult to return.",negative
"No refund issued.",negative
"Warranty is a joke.",negative
"Nothing like the photos.",negative
"Couldn’t get it to function properly.",negative
"Arrived late and broken.",negative
"Entirely defective.",negative
"Definitely wouldn’t buy again.",negative
"Such a letdown.",negative
"Not what I expected at all.",negative
"Glitchy and unreliable.",negative
"Did more harm than good.",negative
"Couldn’t be more disappointed.",negative
"Totally dysfunctional.",negative
"An absolute fail.",negative
"Needs a complete redesign.",negative
"Excellent quality and fast delivery",positive
"Terrible customer service",negative
"Just okay, nothing special",neutral
"Love how it works, very reliable",positive
"Did not meet expectations",negative
"Decent product for the price",neutral
"Absolutely fantastic!",positive
"Broke after two uses",negative
"Average performance",neutral
"Highly recommend this to everyone",positive
"Complete waste of money",negative
"It’s alright, not bad",neutral
"Great value for the cost",positive
"Doesn’t function properly",negative
"Not good, not bad",neutral
"Exceeded my expectations",positive
"Very poor craftsmanship",negative
"Fairly standard",neutral
"Works like a charm!",positive
"Extremely disappointing",negative
"Service was acceptable",neutral
"Really satisfied with my purchase",positive
"Not worth the hype",negative
"Mediocre at best",neutral
"Would definitely buy again",positive
"Fails to deliver",negative
"Functional but bland",neutral
"Quality is top-notch",positive
"Battery life is terrible",negative
"Met my basic needs",neutral
"Super happy with it",positive
"Doesn't do what it claims",negative
"Pretty average",neutral
"Brilliant design and execution",positive
"Completely useless",negative
"Nothing special",neutral
"Five stars from me!",positive
"Stopped working quickly",negative
"Neither good nor bad",neutral
"Very effective and easy to use",positive
"Not satisfied at all",negative
"It’s fine, gets the job done",neutral
"Exactly what I needed!",positive
"Very buggy and frustrating",negative
"Standard experience",neutral
"Will buy more for sure",positive
"Regret this purchase",negative
"Not impressed but not upset",neutral
"Truly amazing performance",positive
"Unreliable and cheaply made",negative
"Mildly helpful",neutral
"Better than expected!",positive
"App crashes constantly",negative
"Usable but forgettable",neutral
"Smooth and seamless",positive
"Doesn’t live up to the description",negative
"Neutral feelings",neutral
"Top quality product!",positive
"Build quality is awful",negative
"Gets the job done",neutral
"Impressed with the features",positive
"Very slow and clunky",negative
"Just okay for casual use",neutral
"Perfect fit and function",positive
"Totally defective unit",negative
"It’s okay for the price",neutral
"Fast, efficient, and easy",positive
"Shipping was a nightmare",negative
"Decent for what it is",neutral
"Extremely reliable and intuitive",positive
"Broke on first day",negative
"No strong opinion",neutral
"Love it!",positive
"Would not recommend",negative
"Fair enough",neutral
"Outstanding support",positive
"Poor user experience",negative
"Middle-of-the-road product",neutral
"Works perfectly",positive
"Cheap and unreliable",negative
"Meets the minimum",neutral
"Exactly as described",positive
"Waste of time and money",negative
"Not too bad",neutral
"Delivers great results",positive
"Doesn't work as intended",negative
"Fair product",neutral
"Excellent customer care",positive
"Flawed design",negative
"It’s just average",neutral
"Truly worth every cent",positive
"Returns process was horrible",negative
"Satisfactory",neutral
"Great packaging and quality",positive
"Completely dissatisfied",negative
"Plain and functional",neutral
"Superb performance",positive
"Too many issues",negative
"Simple and effective",neutral
"Top-notch all around",positive
"Glitchy and slow",negative
"Neither here nor there",neutral